{
    "docs": [
        {
            "type": "category",
            "label": "General",
            "items": [
                "quick_start",
                "boilerplate",
                "making_transfers",
                "originate",
                "set_delegate",
                "smartcontracts",
                "estimate"
            ]
        },
        {
            "type": "category",
            "label": "Signer",
            "items": [
                "inmemory_signer",
                "tezbridge_signer"
            ]
        },
        {
            "type": "link",
            "label": "TypeDoc Reference",
            "href": "https://tezostaquito.io/typedoc"
        }
    ]
}
